{"cube":{"x":-256.7200012207031,"y":10.123457908630371,"z":-13.0},"cubeR":{"x":-9.89026727182818e-9,"y":1.5418149246215763e-7,"z":-1.1294210011669748e-8,"w":1.0},"objetoTomado":0,"Base":{"x":-256.54132080078127,"y":9.284141540527344,"z":0.8764457702636719},"Hombro":{"x":-256.661865234375,"y":13.353813171386719,"z":0.6413087844848633},"Brazo":{"x":-256.54132080078127,"y":14.336885452270508,"z":-4.053491592407227},"Antebrazo":{"x":-256.51123046875,"y":13.361492156982422,"z":-8.518720626831055},"Muñeca":{"x":-256.54132080078127,"y":11.834436416625977,"z":-11.746578216552735},"Mano":{"x":-256.54888916015627,"y":11.762006759643555,"z":-12.327404022216797},"Cubo_1":{"x":-257.52252197265627,"y":11.665283203125,"z":-13.070098876953125},"Cubo_2":{"x":-255.59368896484376,"y":11.626958847045899,"z":-13.0899658203125},"BaseR":{"x":0.0,"y":0.0,"z":0.0,"w":1.0},"HombroR":{"x":0.0,"y":0.0,"z":0.0,"w":1.0},"BrazoR":{"x":-0.6692810654640198,"y":1.678679419238667e-28,"z":-5.646770744974988e-28,"w":0.7430093288421631},"AntebrazoR":{"x":-0.8419126868247986,"y":3.2967877041572624e-21,"z":-4.995876459065135e-21,"w":0.5396139025688171},"MuñecaR":{"x":-0.8270772099494934,"y":1.613126437982615e-10,"z":-2.756051775687496e-10,"w":0.5620884299278259},"ManoR":{"x":-0.713042140007019,"y":-0.6993709802627564,"z":0.03876354917883873,"w":-0.03080029971897602},"Cubo_1R":{"x":-0.5044326186180115,"y":-0.4439087212085724,"z":0.5418186783790588,"w":0.5049014687538147},"Cubo_2R":{"x":-0.5465182065963745,"y":-0.4894420802593231,"z":0.5010676383972168,"w":0.4590159058570862}}