{"cube":{"x":-256.7200012207031,"y":10.149999618530274,"z":-13.0},"cubeR":{"x":0.0,"y":0.0,"z":0.0,"w":1.0},"objetoTomado":0,"Base":{"x":-256.54132080078127,"y":9.284141540527344,"z":0.8764457702636719},"Hombro":{"x":-256.661865234375,"y":13.353813171386719,"z":0.6413087844848633},"Brazo":{"x":-256.54132080078127,"y":16.820571899414064,"z":-2.1494293212890627},"Antebrazo":{"x":-256.51123046875,"y":20.340084075927736,"z":-5.058492660522461},"Muñeca":{"x":-256.54132080078127,"y":22.503040313720704,"z":-7.899724960327148},"Mano":{"x":-256.54888916015627,"y":22.985370635986329,"z":-8.231328964233399},"Cubo_1":{"x":-257.52252197265627,"y":23.60022735595703,"z":-8.658998489379883},"Cubo_2":{"x":-255.59368896484376,"y":23.60022735595703,"z":-8.702165603637696},"BaseR":{"x":0.0,"y":0.0,"z":0.0,"w":1.0},"HombroR":{"x":0.0,"y":0.0,"z":0.0,"w":1.0},"BrazoR":{"x":-0.18246996402740479,"y":0.0,"z":0.0,"w":0.9832113981246948},"AntebrazoR":{"x":-0.4390454590320587,"y":0.0,"z":0.0,"w":0.8984649181365967},"MuñecaR":{"x":-0.41469332575798037,"y":0.0,"z":0.0,"w":0.9099612236022949},"ManoR":{"x":-0.6252686381340027,"y":-0.6177242398262024,"z":-0.33021080493927,"w":0.3441174626350403},"Cubo_1R":{"x":-0.16871529817581178,"y":-0.6607853770256043,"z":0.23234693706035615,"w":0.6934788227081299},"Cubo_2R":{"x":-0.22851404547691346,"y":-0.6785212755203247,"z":0.1738714575767517,"w":0.6761353611946106}}