{"cube":{"x":-244.6827392578125,"y":14.3214111328125,"z":-8.382204055786133},"cubeR":{"x":0.08626401424407959,"y":-0.434010773897171,"z":0.05141294002532959,"w":0.8952933549880981},"objetoTomado":1,"Base":{"x":-256.570556640625,"y":9.284139633178711,"z":0.8539390563964844},"Hombro":{"x":-256.4595947265625,"y":13.353811264038086,"z":0.6141510009765625},"Brazo":{"x":-252.7757568359375,"y":14.89932632446289,"z":-2.110940933227539},"Antebrazo":{"x":-249.15191650390626,"y":14.81804084777832,"z":-4.903974533081055},"Muñeca":{"x":-246.43817138671876,"y":13.96438217163086,"z":-7.062376022338867},"Mano":{"x":-245.98455810546876,"y":14.008922576904297,"z":-7.429645538330078},"Cubo_1":{"x":-245.99951171875,"y":14.045286178588868,"z":-8.657421112060547},"Cubo_2":{"x":-244.78582763671876,"y":14.044828414916993,"z":-7.157627105712891},"BaseR":{"x":-2.7124225088215328e-10,"y":-0.43837103247642519,"z":-1.293755658160478e-10,"w":0.8987941145896912},"HombroR":{"x":-2.7124225088215328e-10,"y":-0.43837103247642519,"z":-1.293755658160478e-10,"w":0.8987941145896912},"BrazoR":{"x":-0.5347936749458313,"y":-0.35232609510421755,"z":-0.26083624362945559,"w":0.7223756909370422},"AntebrazoR":{"x":-0.7043708562850952,"y":-0.27229827642440798,"z":-0.34354454278945925,"w":0.5582942962646484},"MuñecaR":{"x":-0.6919887661933899,"y":-0.28647491335868838,"z":-0.33006200194358828,"w":0.5745805501937866},"ManoR":{"x":-0.6219056844711304,"y":-0.6527778506278992,"z":-0.3366772532463074,"w":-0.2715931236743927},"Cubo_1R":{"x":-0.620392918586731,"y":-0.6892347931861877,"z":0.2538225054740906,"w":0.27503132820129397},"Cubo_2R":{"x":-0.6420025825500488,"y":-0.7087342143058777,"z":0.19278573989868165,"w":0.21991392970085145}}