{"cube":{"x":-244.65692138671876,"y":14.320919036865235,"z":-8.371328353881836},"cubeR":{"x":0.08621490746736527,"y":-0.434012770652771,"z":0.05138915777206421,"w":0.8952984809875488},"objetoTomado":1,"Base":{"x":-256.544677734375,"y":9.284139633178711,"z":0.8646488189697266},"Hombro":{"x":-256.4337158203125,"y":13.353811264038086,"z":0.6248598098754883},"Brazo":{"x":-252.7498779296875,"y":14.899600982666016,"z":-2.1001815795898439},"Antebrazo":{"x":-249.12615966796876,"y":14.818168640136719,"z":-4.893133163452148},"Muñeca":{"x":-246.4124755859375,"y":13.964130401611329,"z":-7.051477432250977},"Mano":{"x":-245.95880126953126,"y":14.00860595703125,"z":-7.41874885559082},"Cubo_1":{"x":-245.9737548828125,"y":14.04488754272461,"z":-8.646524429321289},"Cubo_2":{"x":-244.76007080078126,"y":14.044425964355469,"z":-7.146732330322266},"BaseR":{"x":-2.7124225088215328e-10,"y":-0.43837103247642519,"z":-1.293755658160478e-10,"w":0.8987941145896912},"HombroR":{"x":-2.7124225088215328e-10,"y":-0.43837103247642519,"z":-1.293755658160478e-10,"w":0.8987941145896912},"BrazoR":{"x":-0.5347588062286377,"y":-0.35233864188194277,"z":-0.2608192265033722,"w":0.7224014401435852},"AntebrazoR":{"x":-0.7044013738632202,"y":-0.2722795605659485,"z":-0.3435594141483307,"w":0.5582558512687683},"MuñecaR":{"x":-0.6920206546783447,"y":-0.28645628690719607,"z":-0.33007699251174929,"w":0.574542760848999},"ManoR":{"x":-0.6219245791435242,"y":-0.6527625322341919,"z":-0.33664342761039736,"w":-0.271628737449646},"Cubo_1R":{"x":-0.6204319000244141,"y":-0.6891995072364807,"z":0.253834068775177,"w":0.2750212252140045},"Cubo_2R":{"x":-0.6420406103134155,"y":-0.7087000608444214,"z":0.19280032813549043,"w":0.219900444149971}}