{"cube":{"x":-248.09130859375,"y":14.306404113769532,"z":-11.583234786987305},"cubeR":{"x":0.09238982945680618,"y":-0.2886315882205963,"z":0.03702211380004883,"w":0.9522527456283569},"objetoTomado":1,"Base":{"x":-256.5419921875,"y":9.284139633178711,"z":0.8725614547729492},"Hombro":{"x":-256.510498046875,"y":13.353811264038086,"z":0.6101951599121094},"Brazo":{"x":-253.84912109375,"y":14.899524688720704,"z":-3.1198387145996095},"Antebrazo":{"x":-251.26654052734376,"y":14.813213348388672,"z":-6.89494514465332},"Muñeca":{"x":-249.35345458984376,"y":13.953323364257813,"z":-9.785026550292969},"Mano":{"x":-249.03546142578126,"y":13.996810913085938,"z":-10.274568557739258},"Cubo_1":{"x":-249.4290771484375,"y":14.03183364868164,"z":-11.437673568725586},"Cubo_2":{"x":-247.81134033203126,"y":14.031318664550782,"z":-10.386333465576172},"BaseR":{"x":-1.3479263261118036e-9,"y":-0.29237163066864016,"z":-3.99273697437863e-10,"w":0.9563047885894775},"HombroR":{"x":-1.3479263261118036e-9,"y":-0.29237163066864016,"z":-3.99273697437863e-10,"w":0.9563047885894775},"BrazoR":{"x":-0.5689865946769714,"y":-0.2349899411201477,"z":-0.17395661771297456,"w":0.7686176896095276},"AntebrazoR":{"x":-0.74997478723526,"y":-0.1814032793045044,"z":-0.22929023206233979,"w":0.5933436751365662},"MuñecaR":{"x":-0.7356554865837097,"y":-0.192856565117836,"z":-0.21791116893291474,"w":0.6116634011268616},"ManoR":{"x":-0.6671380400657654,"y":-0.6870676279067993,"z":-0.23464900255203248,"w":-0.16674752533435822},"Cubo_1R":{"x":-0.5736510753631592,"y":-0.6371775269508362,"z":0.3480328917503357,"w":0.37921279668807986},"Cubo_2R":{"x":-0.6045187711715698,"y":-0.6650859713554382,"z":0.2911747097969055,"w":0.32777273654937746}}