{"cube":{"x":-244.6544189453125,"y":14.320913314819336,"z":-8.370193481445313},"cubeR":{"x":0.08621205389499664,"y":-0.43401268124580386,"z":0.051387935876846316,"w":0.8952988386154175},"objetoTomado":1,"Base":{"x":-256.5419921875,"y":9.284139633178711,"z":0.8657722473144531},"Hombro":{"x":-256.43096923828127,"y":13.353811264038086,"z":0.6259841918945313},"Brazo":{"x":-252.74725341796876,"y":14.89963150024414,"z":-2.0990524291992189},"Antebrazo":{"x":-249.12359619140626,"y":14.818199157714844,"z":-4.891998291015625},"Muñeca":{"x":-246.409912109375,"y":13.96413803100586,"z":-7.0503387451171879},"Mano":{"x":-245.95623779296876,"y":14.008609771728516,"z":-7.417612075805664},"Cubo_1":{"x":-245.97125244140626,"y":14.044885635375977,"z":-8.6453857421875},"Cubo_2":{"x":-244.757568359375,"y":14.044425964355469,"z":-7.145595550537109},"BaseR":{"x":-2.7124225088215328e-10,"y":-0.43837103247642519,"z":-1.293755658160478e-10,"w":0.8987941145896912},"HombroR":{"x":-2.7124225088215328e-10,"y":-0.43837103247642519,"z":-1.293755658160478e-10,"w":0.8987941145896912},"BrazoR":{"x":-0.5347549319267273,"y":-0.35234004259109499,"z":-0.260817289352417,"w":0.722404420375824},"AntebrazoR":{"x":-0.704403281211853,"y":-0.2722783088684082,"z":-0.34356027841567995,"w":0.5582534074783325},"MuñecaR":{"x":-0.6920226216316223,"y":-0.2864552140235901,"z":-0.33007776737213137,"w":0.5745405554771423},"ManoR":{"x":-0.6219255924224854,"y":-0.6527617573738098,"z":-0.3366413414478302,"w":-0.27163073420524599},"Cubo_1R":{"x":-0.620434045791626,"y":-0.6891974806785584,"z":0.25383490324020388,"w":0.27502062916755679},"Cubo_2R":{"x":-0.6420426964759827,"y":-0.7086980938911438,"z":0.1928013414144516,"w":0.21989965438842774}}