{"BaseFija":{"x":-0.7071068286895752,"y":0.0,"z":0.0,"w":0.7071068286895752},"BaseMovil":{"x":-0.7071068286895752,"y":0.0,"z":0.0,"w":0.7071067094802856},"Brazo1":{"x":-0.7071068286895752,"y":0.0,"z":0.0,"w":0.7071067094802856}}