{"BaseFija":{"x":-0.7071068286895752,"y":0.0,"z":0.0,"w":0.7071068286895752},"BaseMovil":{"x":-0.7049270272254944,"y":0.05547906458377838,"z":0.05547884851694107,"w":0.7049270272254944},"Brazo1":{"x":-0.703855037689209,"y":0.04320618137717247,"z":0.06773490458726883,"w":0.7057856321334839},"Brazo2":{"x":-0.6623057126998901,"y":0.3482495844364166,"z":-0.24769145250320435,"w":0.6154042482376099},"Muneca1":{"x":-0.6612178087234497,"y":0.3478143513202667,"z":-0.24830687046051026,"w":0.6165711283683777},"Muneca2":{"x":-0.7045100927352905,"y":0.15839692950248719,"z":-0.050307273864746097,"w":0.689960241317749},"Mano":{"x":-0.7044961452484131,"y":0.158395916223526,"z":-0.05031047388911247,"w":0.6899744868278503}}