{"BaseFija":{"x":-0.7071068286895752,"y":0.0,"z":0.0,"w":0.7071068286895752},"BaseMovil":{"x":-0.7070798873901367,"y":0.006170680280774832,"z":0.006170465145260096,"w":0.7070798873901367},"Brazo1":{"x":-0.6797147393226624,"y":-0.183012455701828,"z":0.19490480422973634,"w":0.683012843132019},"Brazo2":{"x":-0.7049270868301392,"y":-0.04316721484065056,"z":0.05547858774662018,"w":0.7057879567146301},"Muneca1":{"x":-0.6974954009056091,"y":-0.042581044137477878,"z":0.055926401168107989,"w":0.7131334543228149},"Muneca2":{"x":-0.6974954009056091,"y":-0.04258080944418907,"z":0.055926188826560977,"w":0.7131334543228149},"Mano":{"x":-0.4588046073913574,"y":-0.529961109161377,"z":0.5380507707595825,"w":0.4681249260902405},"cubo":{"x":1.4228028533125326e-8,"y":8.831626985283947e-8,"z":0.000034576871257741004,"w":1.0},"PosCubo":{"x":-17.240036010742189,"y":0.6282243132591248,"z":-3.849999189376831}}