{"BaseFija":{"x":-0.7071068286895752,"y":0.0,"z":0.0,"w":0.7071068286895752},"BaseMovil":{"x":-0.7071068286895752,"y":1.0551035245498497e-7,"z":-1.0553671359048167e-7,"w":0.7071068286895752},"Brazo1":{"x":-0.627244234085083,"y":0.32644253969192507,"z":-0.32644253969192507,"w":0.627244234085083},"Brazo2":{"x":-0.23032064735889436,"y":0.6685450077056885,"z":-0.6685450077056885,"w":0.2303207516670227},"Muneca1":{"x":-0.22790050506591798,"y":0.6615282297134399,"z":-0.6754902005195618,"w":0.2327120453119278},"Muneca2":{"x":-0.2279605269432068,"y":0.6615074872970581,"z":-0.6754699349403381,"w":0.23277084529399873},"Mano":{"x":-0.2279718518257141,"y":0.6615403294563294,"z":-0.6754377484321594,"w":0.2327597439289093}}