{"BaseFija":{"x":-0.7071068286895752,"y":0.0,"z":0.0,"w":0.7071068286895752},"BaseMovil":{"x":-0.7071068286895752,"y":1.2644051139432123e-7,"z":-1.2644053981603066e-7,"w":0.7071068286895752},"Brazo1":{"x":-0.7071068286895752,"y":0.00008146747859427705,"z":-0.0000814279483165592,"w":0.7071068286895752},"Brazo2":{"x":0.10459765791893006,"y":0.6993277668952942,"z":-0.6993277668952942,"w":-0.1045975461602211},"Muneca1":{"x":0.103497214615345,"y":0.6919522285461426,"z":-0.7066258192062378,"w":-0.10569044947624207},"Muneca2":{"x":-0.051808737218379977,"y":0.6984316110610962,"z":-0.7122833728790283,"w":0.04649320989847183},"Mano":{"x":-0.06077633425593376,"y":0.9002171158790588,"z":0.4298413097858429,"w":-0.03394110128283501}}