{"BaseFija":{"x":-0.7071068286895752,"y":0.0,"z":0.0,"w":0.7071068286895752},"BaseMovil":{"x":-0.7071068286895752,"y":1.2644051139432123e-7,"z":-1.2644053981603066e-7,"w":0.7071068286895752},"Brazo1":{"x":-0.6644631028175354,"y":0.2418447732925415,"z":-0.2418448030948639,"w":0.6644629836082459},"Brazo2":{"x":-0.3155094385147095,"y":0.6328142285346985,"z":-0.6328141689300537,"w":0.3155095875263214},"Muneca1":{"x":-0.3121846616268158,"y":0.6261518001556397,"z":-0.6394089460372925,"w":0.3187961280345917},"Muneca2":{"x":-0.31218454241752627,"y":0.6261518001556397,"z":-0.6394090056419373,"w":0.3187960684299469},"Mano":{"x":-0.3121844530105591,"y":0.6261516213417053,"z":-0.6394091248512268,"w":0.3187961280345917}}