{"BaseFija":{"x":-0.7071068286895752,"y":0.0,"z":0.0,"w":0.7071068286895752},"BaseMovil":{"x":-0.7049270272254944,"y":0.05547907575964928,"z":0.055478837341070178,"w":0.7049270272254944},"Brazo1":{"x":-0.645974338054657,"y":-0.18301233649253846,"z":0.287605881690979,"w":0.683012843132019},"Brazo2":{"x":-0.7066760659217835,"y":0.13492272794246674,"z":-0.024677898734807969,"w":0.6941152215003967},"Muneca1":{"x":-0.7054611444473267,"y":0.13488198816776277,"z":-0.024915115907788278,"w":0.6953493356704712},"Muneca2":{"x":-0.6834864020347595,"y":-0.06816207617521286,"z":0.17647238075733186,"w":0.7050232887268066},"Mano":{"x":-0.6834864616394043,"y":-0.06816209107637406,"z":0.17647236585617066,"w":0.7050231695175171}}