{"BaseFija":{"x":-0.7071068286895752,"y":0.0,"z":0.0,"w":0.7071068286895752},"BaseMovil":{"x":-0.7071068286895752,"y":1.2644051139432123e-7,"z":-1.2644053981603066e-7,"w":0.7071068286895752},"Brazo1":{"x":-0.529591977596283,"y":-0.46854284405708315,"z":0.4685428738594055,"w":0.5295919179916382},"Brazo2":{"x":-0.48674049973487856,"y":-0.5129168033599854,"z":0.5129169821739197,"w":0.4867403209209442},"Muneca1":{"x":-0.5526238679885864,"y":-0.5823397636413574,"z":0.43248695135116579,"w":0.4104173183441162},"Muneca2":{"x":-0.552623987197876,"y":-0.5823396444320679,"z":0.4324868321418762,"w":0.41041749715805056},"Mano":{"x":-0.09174701571464539,"y":-0.7009551525115967,"z":0.6953391432762146,"w":-0.1294134557247162}}