{"BaseFija":{"x":-0.7071068286895752,"y":0.0,"z":0.0,"w":0.7071068286895752},"BaseMovil":{"x":-0.7071068286895752,"y":1.2644052560517594e-7,"z":-1.2644055402688537e-7,"w":0.7071068286895752},"Brazo1":{"x":-0.70710688829422,"y":1.1978380598520744e-7,"z":-1.3634605977586035e-7,"w":0.7071067690849304},"Brazo2":{"x":-0.5129169821739197,"y":0.4867403209209442,"z":-0.48674026131629946,"w":0.5129170417785645},"Muneca1":{"x":-0.7247375249862671,"y":0.6877515912055969,"z":0.028820622712373735,"w":-0.03037470392882824},"Muneca2":{"x":-0.7247375249862671,"y":0.6877516508102417,"z":0.02882062830030918,"w":-0.030374672263860704},"Mano":{"x":-0.7247375249862671,"y":0.6877516508102417,"z":0.028820615261793138,"w":-0.03037465736269951}}