{"BaseFija":{"x":-0.7071068286895752,"y":0.0,"z":0.0,"w":0.7071068286895752},"BaseMovil":{"x":-0.7071068286895752,"y":0.0,"z":0.0,"w":0.7071067094802856},"Brazo1":{"x":-0.7071068286895752,"y":0.0,"z":0.0,"w":0.7071067094802856},"Brazo2":{"x":-0.5129171013832092,"y":0.48674020171165469,"z":-0.48674020171165469,"w":0.5129171013832092},"Muneca1":{"x":-0.5075143575668335,"y":0.4816168546676636,"z":-0.491813063621521,"w":0.5182608962059021},"Muneca2":{"x":-0.5075143575668335,"y":0.4816168546676636,"z":-0.491813063621521,"w":0.5182608962059021},"Mano":{"x":-0.7068496346473694,"y":-0.019068509340286256,"z":0.019068509340286256,"w":0.7068496346473694},"cubo":{"x":0.0,"y":0.0,"z":0.0,"w":1.0},"PosCubo":{"x":-17.239999771118165,"y":2.380000114440918,"z":-3.8499999046325685}}