{"BaseFija":{"x":-0.7071068286895752,"y":0.0,"z":0.0,"w":0.7071068286895752},"BaseMovil":{"x":-0.7071068286895752,"y":1.2644051139432123e-7,"z":-1.2644055402688537e-7,"w":0.7071068286895752},"Brazo1":{"x":-0.70710688829422,"y":0.000004944246029481292,"z":-0.000004945787623000797,"w":0.7071067690849304},"Brazo2":{"x":0.10452207177877426,"y":0.6993390321731567,"z":-0.6993391513824463,"w":-0.10452185571193695},"Muneca1":{"x":0.1034238189458847,"y":0.6919728517532349,"z":-0.7066280245780945,"w":-0.10561257600784302},"Muneca2":{"x":0.10342816263437271,"y":0.6919722557067871,"z":-0.706627368927002,"w":-0.10561680048704148},"Mano":{"x":0.10342773050069809,"y":0.6919693350791931,"z":-0.7066301703453064,"w":-0.1056172251701355}}