{"BaseFija":{"x":-0.7071068286895752,"y":0.0,"z":0.0,"w":0.7071068286895752},"BaseMovil":{"x":-0.650895357131958,"y":-0.27628839015960696,"z":-0.2762886881828308,"w":0.6508952975273132},"Brazo1":{"x":-0.6508952379226685,"y":-0.2762882113456726,"z":-0.27628886699676516,"w":0.650895357131958},"Brazo2":{"x":-0.28195783495903017,"y":0.24763458967208863,"z":-0.6484596729278565,"w":0.662326991558075},"Muneca1":{"x":-0.27500221133232119,"y":0.24083033204078675,"z":-0.6510183215141296,"w":0.6652441620826721},"Muneca2":{"x":-0.2750020921230316,"y":0.24083039164543153,"z":-0.6510183215141296,"w":0.6652441024780273},"Mano":{"x":-0.6581093072891235,"y":-0.2937396466732025,"z":-0.25863543152809145,"w":0.6432082653045654},"cubo":{"x":1.4228028533125326e-8,"y":8.831626985283947e-8,"z":0.000034576871257741004,"w":1.0},"PosCubo":{"x":-17.240036010742189,"y":0.6282243132591248,"z":-3.849999189376831}}