{"BaseFija":{"x":-0.7071068286895752,"y":0.0,"z":0.0,"w":0.7071068286895752},"BaseMovil":{"x":-0.6762096285820007,"y":-0.20673781633377076,"z":-0.20673802495002747,"w":0.676209568977356},"Brazo1":{"x":-0.7069991230964661,"y":-0.385118305683136,"z":-0.012340041808784008,"w":0.5930293798446655},"Brazo2":{"x":-0.5043449997901917,"y":0.12885914742946626,"z":-0.4956167936325073,"w":0.6952664852142334},"Muneca1":{"x":-0.4970335066318512,"y":0.12366332858800888,"z":-0.496940016746521,"w":0.7005110383033752},"Muneca2":{"x":-0.49703407287597659,"y":0.1236625388264656,"z":-0.4969395399093628,"w":0.7005111575126648},"Mano":{"x":-0.4970344305038452,"y":0.1236627995967865,"z":-0.49693945050239565,"w":0.7005108594894409}}