{"BaseFija":{"x":-0.7071068286895752,"y":0.0,"z":0.0,"w":0.7071068286895752},"BaseMovil":{"x":-0.7069991230964661,"y":-0.012340682558715344,"z":-0.012340947054326535,"w":0.7069991230964661},"Brazo1":{"x":-0.3433031141757965,"y":-0.6297817826271057,"z":0.6181772351264954,"w":0.32151973247528078},"Brazo2":{"x":0.030282512307167054,"y":-0.7049708366394043,"z":0.7064580917358398,"w":-0.05491948872804642},"Muneca1":{"x":0.061282359063625339,"y":-0.8784117698669434,"z":-0.4737715721130371,"w":0.013334141112864018},"Muneca2":{"x":-0.1761036217212677,"y":-0.7747281789779663,"z":-0.44407495856285097,"w":-0.4142235815525055},"Mano":{"x":-0.17609520256519319,"y":-0.77471923828125,"z":-0.4440906345844269,"w":-0.4142272174358368}}