{"BaseFija":{"x":-0.7071068286895752,"y":0.0,"z":0.0,"w":0.7071068286895752},"BaseMovil":{"x":0.7070828080177307,"y":0.00583080155774951,"z":0.005831039976328611,"w":-0.7070827484130859},"Brazo1":{"x":0.45024263858795168,"y":0.5525864958763123,"z":-0.5452353358268738,"w":-0.4411894977092743},"Brazo2":{"x":0.7037761211395264,"y":-0.05693512782454491,"z":0.06855084002017975,"w":-0.7048109173774719},"Muneca1":{"x":-0.5805568099021912,"y":0.05834246799349785,"z":0.06735317409038544,"w":-0.809329092502594},"Muneca2":{"x":-0.4533883333206177,"y":0.4841625988483429,"z":0.36881110072135928,"w":-0.651155948638916},"Mano":{"x":0.6611418724060059,"y":-0.5858884453773499,"z":-0.16483256220817567,"w":0.4386986196041107}}