{"BaseFija":{"x":-0.7071068286895752,"y":0.0,"z":0.0,"w":0.7071068286895752},"BaseMovil":{"x":-0.7061377167701721,"y":0.03700719401240349,"z":0.037006981670856479,"w":0.7061377167701721},"Brazo1":{"x":-0.6300367712974548,"y":-0.25340425968170168,"z":0.32101970911026,"w":0.660141110420227},"Brazo2":{"x":-0.6779878735542297,"y":0.27059832215309145,"z":-0.20082925260066987,"w":0.6532814502716065},"Muneca1":{"x":-0.6711066365242004,"y":0.2684822976589203,"z":-0.20365408062934876,"w":0.6603471040725708},"Muneca2":{"x":-0.6711065173149109,"y":0.26848262548446658,"z":-0.20365436375141145,"w":0.6603469848632813},"Mano":{"x":-0.6211507320404053,"y":-0.27111387252807619,"z":0.3378925323486328,"w":0.6530678868293762}}
