{"BaseFija":{"x":-0.7071068286895752,"y":0.0,"z":0.0,"w":0.7071068286895752},"BaseMovil":{"x":-0.7071068286895752,"y":1.2644053981603066e-7,"z":-1.2644051139432123e-7,"w":0.7071068286895752},"Brazo1":{"x":-0.5934274196624756,"y":-0.3845047950744629,"z":0.38450491428375246,"w":0.593427300453186},"Brazo2":{"x":-0.6951134204864502,"y":0.1296820342540741,"z":-0.12968187034130097,"w":0.6951133608818054},"Muneca1":{"x":-0.6877387166023254,"y":0.12830890715122224,"z":-0.13104447722434998,"w":0.7024098634719849},"Muneca2":{"x":-0.6877109408378601,"y":0.12845808267593385,"z":-0.1311904937028885,"w":0.7023826241493225},"Mano":{"x":-0.6876290440559387,"y":0.12844277918338777,"z":-0.1312054544687271,"w":0.7024627327919006}}