{"BaseFija":{"x":-0.7071068286895752,"y":0.0,"z":0.0,"w":0.7071068286895752},"BaseMovil":{"x":-0.7071068286895752,"y":1.2644053981603066e-7,"z":-1.2644055402688537e-7,"w":0.7071068286895752},"Brazo1":{"x":-0.7071068286895752,"y":1.261898603388545e-7,"z":-1.2619001665825636e-7,"w":0.7071068286895752},"Brazo2":{"x":-0.5129170417785645,"y":0.4867403507232666,"z":-0.48674026131629946,"w":0.5129170417785645},"Muneca1":{"x":-0.507514238357544,"y":0.4816170036792755,"z":-0.4918130934238434,"w":0.5182608366012573},"Muneca2":{"x":0.02589491941034794,"y":0.7074074745178223,"z":-0.7062438130378723,"w":-0.01112682931125164},"Mano":{"x":0.02589491754770279,"y":0.707407534122467,"z":-0.7062437534332275,"w":-0.011126826517283917}}