{"BaseFija":{"x":-0.7071068286895752,"y":0.0,"z":0.0,"w":0.7071068286895752},"BaseMovil":{"x":-0.7061377167701721,"y":0.03700723499059677,"z":0.037006981670856479,"w":0.7061377763748169},"Brazo1":{"x":-0.7057878971099854,"y":0.1167064905166626,"z":-0.0431680753827095,"w":0.6974092721939087},"Brazo2":{"x":-0.44018393754959109,"y":0.596368134021759,"z":-0.5533877015113831,"w":0.37992793321609499},"Muneca1":{"x":-0.4361780881881714,"y":0.5905404686927795,"z":-0.5596048831939697,"w":0.3845166563987732},"Muneca2":{"x":-0.38053449988365176,"y":0.6246758699417114,"z":-0.5988342761993408,"w":0.32614585757255556},"Mano":{"x":-0.6418914794921875,"y":0.3343358635902405,"z":-0.027538567781448365,"w":0.6895190477371216},"cubo":{"x":0.0,"y":0.0,"z":0.0,"w":0.0},"PosCubo":{"x":0.0,"y":0.0,"z":0.0}}