{"BaseFija":{"x":-0.7071068286895752,"y":0.0,"z":0.0,"w":0.7071068286895752},"BaseMovil":{"x":-0.7070798873901367,"y":-0.006170612759888172,"z":-0.006170828361064196,"w":0.7070798873901367},"Brazo1":{"x":-0.45032966136932375,"y":-0.5529398918151856,"z":0.5451635122299194,"w":0.4407465159893036},"Brazo2":{"x":-0.7037822008132935,"y":0.05619532987475395,"z":-0.06848838925361633,"w":0.7048702836036682},"Muneca1":{"x":-0.7360661029815674,"y":0.07096550613641739,"z":0.05302836373448372,"w":-0.6710876822471619},"Muneca2":{"x":-0.7275865077972412,"y":0.13500447571277619,"z":0.12338222563266754,"w":-0.6611872315406799},"Mano":{"x":-0.7281993627548218,"y":0.13511884212493897,"z":0.12325695902109146,"w":-0.6605121493339539}}