{"BaseFija":{"x":-0.7071068286895752,"y":0.0,"z":0.0,"w":0.7071068286895752},"BaseMovil":{"x":-0.6484594345092773,"y":0.28195807337760928,"z":0.28195786476135256,"w":0.6484595537185669},"Brazo1":{"x":-0.056196440011262897,"y":-0.43962132930755618,"z":0.7048701643943787,"w":0.5538350343704224},"Brazo2":{"x":0.32037803530693056,"y":-0.6642168164253235,"z":0.6303632259368897,"w":0.2425205558538437},"Muneca1":{"x":-0.1408870667219162,"y":-0.793845534324646,"z":-0.456452876329422,"w":0.37631237506866457},"Muneca2":{"x":-0.34453779458999636,"y":-0.8767490386962891,"z":-0.33089593052864077,"w":-0.055793169885873798},"Mano":{"x":-0.3445892632007599,"y":-0.8770549297332764,"z":-0.3300842046737671,"w":-0.05547422543168068}}