{"BaseFija":{"x":-0.7071068286895752,"y":0.0,"z":0.0,"w":0.7071068286895752},"BaseMovil":{"x":-0.6963642835617065,"y":-0.12278768420219422,"z":-0.12278791517019272,"w":0.6963642239570618},"Brazo1":{"x":-0.6578649282455444,"y":0.01861816644668579,"z":-0.25925636291503909,"w":0.7068616151809692},"Brazo2":{"x":-0.08599982410669327,"y":0.6301165819168091,"z":-0.7018575668334961,"w":0.3208630084991455},"Muneca1":{"x":0.04680238291621208,"y":0.30418315529823305,"z":-0.8928176164627075,"w":0.3288751244544983},"Muneca2":{"x":0.34945279359817507,"y":0.39834830164909365,"z":-0.822919487953186,"w":0.20495088398456574},"Mano":{"x":0.2500457465648651,"y":0.6721856594085693,"z":-0.6197131276130676,"w":0.3187463581562042}}