{"BaseFija":{"x":-0.7071068286895752,"y":0.0,"z":0.0,"w":0.7071068286895752},"BaseMovil":{"x":-0.7071068286895752,"y":1.2644053981603066e-7,"z":-1.2644052560517594e-7,"w":0.7071068286895752},"Brazo1":{"x":-0.5963011980056763,"y":-0.3800327777862549,"z":0.38003280758857729,"w":0.5963010787963867},"Brazo2":{"x":-0.6941537261009216,"y":0.13472436368465424,"z":-0.13472434878349305,"w":0.6941537261009216},"Muneca1":{"x":-0.6868836283683777,"y":0.1333160698413849,"z":-0.1361219435930252,"w":0.7013477087020874},"Muneca2":{"x":-0.6869048476219177,"y":0.13320697844028474,"z":-0.13601501286029817,"w":0.7013684511184692},"Mano":{"x":-0.6869643330574036,"y":0.13321851193904878,"z":-0.13600370287895204,"w":0.7013100981712341}}