{"BaseFija":{"x":-0.7071068286895752,"y":0.0,"z":0.0,"w":0.7071068286895752},"BaseMovil":{"x":-0.6762096285820007,"y":-0.20673781633377076,"z":-0.20673802495002747,"w":0.676209568977356},"Brazo1":{"x":-0.6434396505355835,"y":-0.6029077768325806,"z":0.29323288798332217,"w":0.3694620430469513},"Brazo2":{"x":-0.5043448209762573,"y":0.1288594752550125,"z":-0.4956170916557312,"w":0.6952663064002991},"Muneca1":{"x":-0.5618860125541687,"y":0.1707238107919693,"z":-0.48280036449432375,"w":0.649647057056427},"Muneca2":{"x":-0.5618864297866821,"y":0.17072322964668275,"z":-0.4827999472618103,"w":0.6496472358703613},"Mano":{"x":-0.5618866682052612,"y":0.17072343826293946,"z":-0.48279985785484316,"w":0.6496469974517822}}