{"BaseFija":{"x":-0.7071068286895752,"y":0.0,"z":0.0,"w":0.7071068286895752},"BaseMovil":{"x":-0.6355434656143189,"y":-0.3099750280380249,"z":-0.3099752366542816,"w":0.6355433464050293},"Brazo1":{"x":-0.6952666640281677,"y":-0.4685441553592682,"z":-0.12885840237140656,"w":0.5295906662940979},"Brazo2":{"x":-0.7002257704734802,"y":-0.491198867559433,"z":-0.09840817749500275,"w":0.508648693561554},"Muneca1":{"x":-0.6948596835136414,"y":-0.4922005832195282,"z":-0.09325921535491944,"w":0.5159567594528198},"Muneca2":{"x":-0.6948597431182861,"y":-0.4922010600566864,"z":-0.09325851500034332,"w":0.5159562826156616},"Mano":{"x":-0.5643777251243591,"y":-0.7070122361183167,"z":0.4259958863258362,"w":0.01178221870213747},"cubo":{"x":1.4228028533125326e-8,"y":8.831626985283947e-8,"z":0.000034576871257741004,"w":1.0},"PosCubo":{"x":-17.240036010742189,"y":0.6282243132591248,"z":-3.849999189376831}}