{"BaseFija":{"x":-0.7071068286895752,"y":0.0,"z":0.0,"w":0.7071068286895752},"BaseMovil":{"x":-0.7069991230964661,"y":0.012340778484940529,"z":0.012340569868683815,"w":0.7069990634918213},"Brazo1":{"x":-0.6941153407096863,"y":-0.11061567068099976,"z":0.13492204248905183,"w":0.698401153087616},"Brazo2":{"x":-0.643439531326294,"y":0.31551000475883486,"z":-0.29323285818099978,"w":0.6328140497207642},"Muneca1":{"x":-0.7805966138839722,"y":0.3785230219364166,"z":-0.2055593580007553,"w":0.4529178738594055},"Muneca2":{"x":-0.7930341958999634,"y":0.3460071086883545,"z":-0.1506071835756302,"w":0.4782189428806305},"Mano":{"x":-0.7930341362953186,"y":0.3460071086883545,"z":-0.15060719847679139,"w":0.4782189428806305}}