{"BaseFija":{"x":-0.7071068286895752,"y":0.0,"z":0.0,"w":0.7071068286895752},"BaseMovil":{"x":-0.6916548013687134,"y":-0.14701569080352784,"z":-0.14701589941978455,"w":0.6916548013687134},"Brazo1":{"x":-0.7070804238319397,"y":-0.2820104658603668,"z":-0.00611360976472497,"w":0.6484366059303284},"Brazo2":{"x":-0.6154800057411194,"y":0.06768117845058441,"z":-0.3481155335903168,"w":0.7038602232933044},"Muneca1":{"x":-0.7374852299690247,"y":0.13229727745056153,"z":-0.32903531193733218,"w":0.5747597813606262},"Muneca2":{"x":-0.7986027002334595,"y":-0.026154320687055589,"z":-0.11992686986923218,"w":0.5892090201377869},"Mano":{"x":-0.7208701968193054,"y":-0.040570251643657687,"z":-0.11584712564945221,"w":0.6821141839027405}}