{"BaseFija":{"x":-0.7071068286895752,"y":0.0,"z":0.0,"w":0.7071068286895752},"BaseMovil":{"x":-0.7071068286895752,"y":1.0537404904198411e-7,"z":-1.0537448957848028e-7,"w":0.7071068286895752},"Brazo1":{"x":-0.7071067690849304,"y":-0.0001093148093787022,"z":0.00010936107719317079,"w":0.7071068286895752},"Brazo2":{"x":-0.5130393505096436,"y":0.4866114556789398,"z":-0.4866112768650055,"w":0.5130394697189331},"Muneca1":{"x":-0.5076614022254944,"y":0.48151424527168276,"z":-0.49165844917297366,"w":0.5183588862419128},"Muneca2":{"x":-0.7062532305717468,"y":0.010888632386922837,"z":-0.025585360825061799,"w":0.7074131369590759},"Mano":{"x":-0.706305980682373,"y":0.010890541598200798,"z":-0.025584544986486436,"w":0.7073603868484497}}