{"BaseFija":{"x":-0.7071068286895752,"y":0.0,"z":0.0,"w":0.7071068286895752},"BaseMovil":{"x":-0.6963642835617065,"y":-0.12278768420219422,"z":-0.12278791517019272,"w":0.6963642239570618},"Brazo1":{"x":-0.6601456999778748,"y":-0.46389415860176089,"z":0.2533925175666809,"w":0.533668577671051},"Brazo2":{"x":-0.694122850894928,"y":-0.3641534447669983,"z":0.1348840743303299,"w":0.6061288118362427},"Muneca1":{"x":-0.8468025326728821,"y":-0.38798120617866518,"z":0.0164481271058321,"w":0.3634907603263855},"Muneca2":{"x":-0.7435672879219055,"y":-0.5119710564613342,"z":0.4055277407169342,"w":0.14331983029842378},"Mano":{"x":-0.7442576289176941,"y":-0.6251055598258972,"z":0.18923576176166535,"w":-0.13969068229198457}}