{"BaseFija":{"x":-0.7071068286895752,"y":0.0,"z":0.0,"w":0.7071068286895752},"BaseMovil":{"x":-0.7071068286895752,"y":1.2644052560517594e-7,"z":-1.2644055402688537e-7,"w":0.7071068286895752},"Brazo1":{"x":-0.7071068286895752,"y":1.2619778999578558e-7,"z":-1.2619778999578558e-7,"w":0.7071068286895752},"Brazo2":{"x":-0.5129170417785645,"y":0.4867403507232666,"z":-0.48674026131629946,"w":0.5129170417785645},"Muneca1":{"x":-0.507514238357544,"y":0.4816170036792755,"z":-0.4918130934238434,"w":0.5182608366012573},"Muneca2":{"x":-0.507514238357544,"y":0.4816170036792755,"z":-0.4918130934238434,"w":0.5182608366012573},"Mano":{"x":-0.7068495750427246,"y":-0.019068332388997079,"z":0.019068369641900064,"w":0.7068497538566589}}