{"PosRobot":{"x":-13.470001220703125,"y":0.09000012278556824,"z":-27.457998275756837},"Base":{"x":-0.7071068286895752,"y":0.0,"z":0.0,"w":0.7071067094802856},"Hombro":{"x":2.1855694143368966e-8,"y":0.0,"z":0.0,"w":1.0},"Brazo":{"x":2.1855694143368966e-8,"y":0.0,"z":0.0,"w":1.0},"Antebrazo":{"x":-0.7071068286895752,"y":0.0,"z":0.0,"w":0.7071067094802856},"ConjuntoMano":{"x":0.0,"y":0.0,"z":0.0,"w":1.0},"mano":{"x":0.0,"y":0.0,"z":0.0,"w":1.0},"cubo":{"x":0.0,"y":0.0,"z":0.0,"w":1.0},"PosCubo":{"x":-20.219999313354493,"y":1.8799999952316285,"z":-29.40999984741211}}