{"PosRobot":{"x":-21.6475887298584,"y":2.7200000286102297,"z":-23.777999877929689},"Base":{"x":-0.7071068286895752,"y":0.0,"z":0.0,"w":0.7071067094802856},"Hombro":{"x":5.142716119621582e-8,"y":-0.5255903005599976,"z":3.047243879450434e-8,"w":0.8507378697395325},"Brazo":{"x":0.0013573213946074248,"y":-0.5255885720252991,"z":-0.0021968816872686149,"w":0.8507350087165833},"Antebrazo":{"x":-0.6003181338310242,"y":-0.369637668132782,"z":-0.37365517020225527,"w":0.602800190448761},"ConjuntoMano":{"x":0.0025403164327144624,"y":-0.5255841612815857,"z":-0.004111703019589186,"w":0.850727915763855},"mano":{"x":0.002604804700240493,"y":-0.5121115446090698,"z":-0.004071114584803581,"w":0.8589053750038147},"cubo":{"x":0.00010770699009299278,"y":-0.000029326449293876067,"z":-0.00024217665486503392,"w":1.0},"PosCubo":{"x":-20.2198543548584,"y":2.351405382156372,"z":-26.519786834716798}}