{"PosRobot":{"x":-19.75709342956543,"y":2.7200000286102297,"z":-23.777999877929689},"Base":{"x":-0.7071068286895752,"y":0.0,"z":0.0,"w":0.7071067094802856},"Hombro":{"x":5.3318370163424336e-8,"y":-0.20790821313858033,"z":1.0442984255121246e-9,"w":0.978148341178894},"Brazo":{"x":-0.02713981457054615,"y":-0.20612917840480805,"z":0.1276852786540985,"w":0.9697786569595337},"Antebrazo":{"x":-0.6809110045433044,"y":-0.1027485728263855,"z":-0.190683513879776,"w":0.6996018290519714},"ConjuntoMano":{"x":0.0014422551030293108,"y":-0.20790335536003114,"z":-0.006785175297409296,"w":0.9781248569488525},"mano":{"x":0.0006649186834692955,"y":-0.31728968024253847,"z":-0.0069048539735376839,"w":0.9483034610748291},"cubo":{"x":0.0001077829729183577,"y":-0.000028773851227015257,"z":-0.00024206473608501256,"w":1.0},"PosCubo":{"x":-20.2198543548584,"y":2.351405382156372,"z":-26.519784927368165}}