{"PosRobot":{"x":-18.020000457763673,"y":2.7200000286102297,"z":-23.777999877929689},"Base":{"x":-0.7071068286895752,"y":0.0,"z":0.0,"w":0.7071067094802856},"Hombro":{"x":2.1855694143368966e-8,"y":0.0,"z":0.0,"w":1.0},"Brazo":{"x":2.1855694143368966e-8,"y":0.0,"z":0.0,"w":1.0},"Antebrazo":{"x":-0.7071068286895752,"y":0.0,"z":0.0,"w":0.7071067094802856},"ConjuntoMano":{"x":0.0,"y":0.0,"z":0.0,"w":1.0},"mano":{"x":0.0,"y":0.0,"z":0.0,"w":1.0},"cubo":{"x":0.0,"y":0.0,"z":0.0,"w":1.0},"PosCubo":{"x":-20.219999313354493,"y":7.389999866485596,"z":-26.520000457763673}}