{"Base":{"x":-0.7071068286895752,"y":0.0,"z":0.0,"w":0.7071067094802856},"Hombro":{"x":8.212293955978112e-9,"y":0.467741996049881,"z":7.938132284834865e-8,"w":0.8838651180267334},"Brazo":{"x":0.07001619786024094,"y":0.46247196197509768,"z":0.13230565190315247,"w":0.8739066123962402},"Antebrazo":{"x":-0.6589998602867127,"y":0.40070369839668276,"z":0.2563578486442566,"w":0.5826117396354675},"ConjuntoMano":{"x":0.00008600630098953843,"y":0.467741996049881,"z":0.0001626608136575669,"w":0.8838650584220886},"mano":{"x":0.00008601546142017469,"y":0.467741996049881,"z":0.00016267411410808563,"w":0.8838650584220886},"cubo":{"x":0.00010641424887580797,"y":-1.231362460885066e-7,"z":-0.00024262374790851027,"w":1.0},"PosCubo":{"x":6.8217453956604,"y":1.7067031860351563,"z":-17.292837142944337}}