{"Base":{"x":-0.7071068286895752,"y":0.0,"z":0.0,"w":0.7071067094802856},"Hombro":{"x":4.5377959168035889e-8,"y":0.12186750769615174,"z":3.559318884072127e-8,"w":0.9925464391708374},"Brazo":{"x":0.0000036693822949018797,"y":0.12186753749847412,"z":0.000029416985853458755,"w":0.9925464391708374},"Antebrazo":{"x":-0.6929013133049011,"y":0.3044606149196625,"z":-0.1410241276025772,"w":0.638203501701355},"ConjuntoMano":{"x":-0.01532268151640892,"y":0.12090018391609192,"z":-0.12479506433010102,"w":0.9846698045730591}}