{"Base":{"x":-0.7071068286895752,"y":0.0,"z":0.0,"w":0.7071067094802856},"Hombro":{"x":3.406775306302734e-8,"y":0.35812318325042727,"z":4.261872987854076e-8,"w":0.9336743354797363},"Brazo":{"x":0.000020684537958004512,"y":0.35812315344810488,"z":0.000053866951930103824,"w":0.9336743950843811},"Antebrazo":{"x":-0.6602154970169067,"y":0.2532520294189453,"z":0.25321054458618166,"w":0.6601995229721069},"ConjuntoMano":{"x":-0.000005547117325477302,"y":0.35812318325042727,"z":-0.000014522388482873794,"w":0.9336743950843811},"mano":{"x":-0.000005547132786887232,"y":0.35812318325042727,"z":-0.000014522403034789022,"w":0.9336743950843811}}