{"Base":{"x":-0.7071068286895752,"y":0.0,"z":0.0,"w":0.7071067094802856},"Hombro":{"x":4.909152906407144e-8,"y":-0.2756326496601105,"z":4.7895547083953718e-8,"w":0.9612630605697632},"Brazo":{"x":-0.000005186233920539962,"y":-0.2756326496601105,"z":0.00001828643144108355,"w":0.961263120174408},"Antebrazo":{"x":-0.6797027587890625,"y":-0.19485685229301454,"z":-0.19494663178920747,"w":0.6797284483909607},"ConjuntoMano":{"x":0.000012548223821795546,"y":-0.2756326198577881,"z":-0.00004365528002381325,"w":0.961263120174408}}