{"Base":{"x":-0.7071068286895752,"y":0.0,"z":0.0,"w":0.7071067094802856},"Hombro":{"x":1.495239132509596e-8,"y":0.30714231729507449,"z":5.338369746255012e-8,"w":0.9516636729240418},"Brazo":{"x":-0.04747670888900757,"y":0.3034508228302002,"z":-0.14710405468940736,"w":0.9402255415916443},"Antebrazo":{"x":-0.6274771690368652,"y":0.10233005881309509,"z":0.325994610786438,"w":0.6996631622314453},"ConjuntoMano":{"x":0.0718536302447319,"y":0.29861924052238467,"z":0.2226344347000122,"w":0.9252553582191467}}