{"Base":{"x":-0.7071068286895752,"y":0.0,"z":0.0,"w":0.7071067094802856},"Hombro":{"x":2.9617432062423178e-8,"y":-0.06104458123445511,"z":2.3227793022329025e-8,"w":0.9981350898742676},"Brazo":{"x":0.012165864929556847,"y":-0.05982004478573799,"z":-0.1989225149154663,"w":0.9781121611595154},"Antebrazo":{"x":-0.7030642032623291,"y":-0.010735465213656426,"z":-0.07550372183322907,"w":0.7070252895355225},"ConjuntoMano":{"x":0.009585922583937645,"y":-0.06028728932142258,"z":-0.15673871338367463,"w":0.985751748085022},"mano":{"x":-0.054994191974401477,"y":-0.4560164213180542,"z":-0.14708684384822846,"w":0.8760080933570862}}