{"Base":{"x":-0.7071068286895752,"y":0.0,"z":0.0,"w":0.7071067094802856},"Hombro":{"x":6.749881720224949e-8,"y":-0.38342005014419558,"z":2.6244084239124278e-8,"w":0.9235741496086121},"Brazo":{"x":0.06324036419391632,"y":-0.3781687021255493,"z":-0.1523318737745285,"w":0.9109248518943787},"Antebrazo":{"x":-0.6575455069541931,"y":-0.28209540247917178,"z":-0.2600652873516083,"w":0.6483997702598572},"ConjuntoMano":{"x":-0.007990771904587746,"y":-0.38333678245544436,"z":0.019248221069574357,"w":0.9233734607696533},"mano":{"x":-0.007990779355168343,"y":-0.38333678245544436,"z":0.019248194992542268,"w":0.9233734607696533},"cubo":{"x":0.00010650294279912487,"y":5.6026689065902249e-8,"z":-0.00024265635875053704,"w":1.0},"PosCubo":{"x":6.8217453956604,"y":1.7067033052444459,"z":-17.292837142944337}}