{"Base":{"x":-0.7071068286895752,"y":0.0,"z":0.0,"w":0.7071067094802856},"Hombro":{"x":2.1855694143368966e-8,"y":0.0,"z":0.0,"w":1.0},"Brazo":{"x":2.1855694143368966e-8,"y":0.0,"z":0.0,"w":1.0},"Antebrazo":{"x":-0.7071068286895752,"y":0.0,"z":0.0,"w":0.7071067094802856},"ConjuntoMano":{"x":0.0,"y":0.0,"z":0.0,"w":1.0},"mano":{"x":0.0,"y":0.0,"z":0.0,"w":1.0},"cubo":{"x":0.0,"y":0.0,"z":0.0,"w":1.0},"PosCubo":{"x":12.890000343322754,"y":2.3578150272369386,"z":-17.292943954467775}}