{"Base":{"x":-0.7071068286895752,"y":0.0,"z":0.0,"w":0.7071067094802856},"Hombro":{"x":8.90805509357051e-8,"y":-0.33380094170570376,"z":3.396242220787826e-8,"w":0.9426435828208923},"Brazo":{"x":-0.00002269637116114609,"y":-0.3338010311126709,"z":0.00006439321441575885,"w":0.9426435828208923},"Antebrazo":{"x":-0.6664965152740479,"y":-0.23588283360004426,"z":-0.23618309199810029,"w":0.6666028499603272},"ConjuntoMano":{"x":0.00005018788579036482,"y":-0.3338010013103485,"z":-0.000141507203807123,"w":0.9426435828208923},"mano":{"x":0.000050188002205686644,"y":-0.3338010013103485,"z":-0.00014150727656669915,"w":0.9426435828208923}}