{"Base":{"x":-0.7071068286895752,"y":0.0,"z":0.0,"w":0.7071067094802856},"Hombro":{"x":5.3791783471979218e-8,"y":-6.196012036774334e-10,"z":9.502777231773507e-9,"w":1.0},"Brazo":{"x":5.379174083941507e-8,"y":-9.318045224304683e-10,"z":1.0075218881411275e-8,"w":1.0},"Antebrazo":{"x":-0.7071068286895752,"y":-3.1846070669416807e-8,"z":-1.4645731738482937e-8,"w":0.7071068286895752},"ConjuntoMano":{"x":3.9711302690648156e-8,"y":-3.334443832159195e-8,"z":1.3674402055130486e-8,"w":1.0},"mano":{"x":3.9711302690648156e-8,"y":-3.3344427663450918e-8,"z":1.3674416265985201e-8,"w":1.0},"cubo":{"x":-1.6709535088921258e-7,"y":-9.448145021906385e-8,"z":2.9361235220903837e-8,"w":1.0},"PosCubo":{"x":12.890000343322754,"y":-0.009377054870128632,"z":-17.292943954467775}}